{"sections":{"main":{"type":"main-article","blocks":{"featured_image":{"type":"featured_image","settings":{"image_height":"large"}},"title":{"type":"title","settings":{"blog_show_date":true,"blog_show_author":false}},"content":{"type":"content","settings":{}},"share":{"type":"share","settings":{"share_label":"Share"}}},"block_order":["featured_image","title","content","share"],"settings":{}},"newsletter":{"type":"newsletter","blocks":{"heading":{"type":"heading","settings":{"heading":"Subscribe to our emails","heading_size":"h1"}},"paragraph":{"type":"paragraph","settings":{"text":"<p>Subscribe to our mailing list for insider news, product launches, and more.<\/p>"}},"email-form":{"type":"email_form","settings":{}}},"block_order":["heading","paragraph","email-form"],"settings":{"color_scheme":"accent-1","full_width":true,"padding_top":64,"padding_bottom":52}}},"order":["main","newsletter"]}