{"sections":{"main":{"type":"main-blog","settings":{"layout":"collage","show_image":true,"image_height":"medium","show_date":true,"show_author":false,"padding_top":40,"padding_bottom":88}},"newsletter":{"type":"newsletter","blocks":{"heading":{"type":"heading","settings":{"heading":"Subscribe to our emails","heading_size":"h1"}},"paragraph":{"type":"paragraph","settings":{"text":"<p>Subscribe to our mailing list for insider news, product launches, and more.<\/p>"}},"email-form":{"type":"email_form","settings":{}}},"block_order":["heading","paragraph","email-form"],"settings":{"color_scheme":"accent-1","full_width":true,"padding_top":64,"padding_bottom":52}}},"order":["main","newsletter"]}