{"sections":{"main-cart-items":{"type":"main-cart-items","settings":{"padding_top":0,"padding_bottom":0}},"main-cart-footer":{"type":"main-cart-footer","blocks":{"subtotal":{"type":"subtotal","settings":{}},"buttons":{"type":"buttons","settings":{}}},"block_order":["subtotal","buttons"],"settings":{}},"featured-collection":{"type":"featured-collection","settings":{"title":"Shop our bestsellers","heading_size":"h2","description":"","show_description":false,"description_style":"body","collection":"all","products_to_show":4,"columns_desktop":4,"full_width":false,"show_view_all":true,"view_all_style":"solid","enable_desktop_slider":false,"color_scheme":"background-1","image_ratio":"square","show_secondary_image":false,"show_vendor":false,"show_rating":false,"enable_quick_add":false,"columns_mobile":"2","swipe_on_mobile":false,"padding_top":84,"padding_bottom":88}},"newsletter":{"type":"newsletter","blocks":{"heading":{"type":"heading","settings":{"heading":"Subscribe to our emails","heading_size":"h1"}},"paragraph":{"type":"paragraph","settings":{"text":"<p>Subscribe to our mailing list for insider news, product launches, and more.<\/p>"}},"email-form":{"type":"email_form","settings":{}}},"block_order":["heading","paragraph","email-form"],"settings":{"color_scheme":"accent-1","full_width":true,"padding_top":64,"padding_bottom":52}}},"order":["main-cart-items","main-cart-footer","featured-collection","newsletter"]}