{"sections":{"rich_text":{"type":"rich-text","blocks":{"heading":{"type":"heading","settings":{"heading":"<p>Talk about your brand<\/p>","heading_size":"h1"}},"text":{"type":"text","settings":{"text":"<p>Share information about your brand with your customers. Describe a product, make announcements, or welcome customers to your store.<\/p>"}}},"block_order":["heading","text"],"settings":{"desktop_content_position":"center","content_alignment":"center","color_scheme":"background-1","full_width":true,"padding_top":44,"padding_bottom":40}},"collage-0":{"type":"collage","blocks":{"collection-0":{"type":"collection","settings":{"collection":""}},"collection-1":{"type":"image","settings":{"image":"{{ shop.brand.cover_image }}","image_padding":false}}},"block_order":["collection-0","collection-1"],"settings":{"heading":"","heading_size":"h2","desktop_layout":"right","mobile_layout":"collage","card_styles":"product-card-wrapper","color_scheme":"background-1","padding_top":36,"padding_bottom":0}},"collection-list":{"type":"collection-list","blocks":{"collection-0":{"type":"featured_collection","settings":{"collection":""}},"collection-1":{"type":"featured_collection","settings":{"collection":""}},"collection-2":{"type":"featured_collection","settings":{"collection":""}}},"block_order":["collection-0","collection-1","collection-2"],"settings":{"title":"","heading_size":"h1","image_ratio":"portrait","columns_desktop":3,"color_scheme":"background-1","show_view_all":false,"columns_mobile":"1","swipe_on_mobile":false,"padding_top":24,"padding_bottom":36}},"video":{"type":"video","settings":{"heading":"Video","heading_size":"h2","video_url":"https:\/\/www.youtube.com\/watch?v=_9VUPq3SxOc","description":"","full_width":false,"color_scheme":"background-1","padding_top":28,"padding_bottom":40}},"rich-text-1":{"type":"rich-text","blocks":{"heading":{"type":"heading","settings":{"heading":"<p>Talk about your brand<\/p>","heading_size":"h2"}},"text":{"type":"text","settings":{"text":"<p>Share information about your brand with your customers. Describe a product, make announcements, or welcome customers to your store.<\/p>"}}},"block_order":["heading","text"],"settings":{"desktop_content_position":"center","content_alignment":"center","color_scheme":"background-1","full_width":true,"padding_top":40,"padding_bottom":44}},"multicolumn":{"type":"multicolumn","blocks":{"column-0":{"type":"column","settings":{"title":"Column","text":"<p>Pair text with an image to focus on your chosen product, collection, or blog post. Add details on availability, style, or even provide a review.<\/p>","link_label":"","link":""}},"column-1":{"type":"column","settings":{"title":"Column","text":"<p>Pair text with an image to focus on your chosen product, collection, or blog post. Add details on availability, style, or even provide a review.<\/p>","link_label":"","link":""}},"column-2":{"type":"column","settings":{"title":"Column","text":"<p>Pair text with an image to focus on your chosen product, collection, or blog post. Add details on availability, style, or even provide a review.<\/p>","link_label":"","link":""}}},"block_order":["column-0","column-1","column-2"],"settings":{"title":"","heading_size":"h2","image_width":"full","image_ratio":"adapt","columns_desktop":3,"column_alignment":"center","background_style":"none","button_label":"","button_link":"","color_scheme":"background-1","columns_mobile":"1","swipe_on_mobile":true,"padding_top":32,"padding_bottom":40}},"collage":{"type":"collage","blocks":{"collection":{"type":"collection","settings":{"collection":""}},"image-0":{"type":"image","settings":{"image_padding":false}},"image-1":{"type":"image","settings":{"image_padding":false}}},"block_order":["collection","image-0","image-1"],"settings":{"heading":"Multimedia collage","heading_size":"h2","desktop_layout":"left","mobile_layout":"collage","card_styles":"product-card-wrapper","color_scheme":"background-1","padding_top":36,"padding_bottom":36}},"multicolumn-1":{"type":"multicolumn","blocks":{"column-1":{"type":"column","settings":{"title":"Column","text":"<p>Pair text with an image to focus on your chosen product, collection, or blog post. Add details on availability, style, or even provide a review.<\/p>","link_label":"","link":""}},"column-2":{"type":"column","settings":{"title":"Column","text":"<p>Pair text with an image to focus on your chosen product, collection, or blog post. Add details on availability, style, or even provide a review.<\/p>","link_label":"","link":""}},"column-3":{"type":"column","settings":{"title":"Column","text":"<p>Pair text with an image to focus on your chosen product, collection, or blog post. Add details on availability, style, or even provide a review.<\/p>","link_label":"","link":""}},"column-4":{"type":"column","settings":{"title":"Column","text":"<p>Pair text with an image to focus on your chosen product, collection, or blog post. Add details on availability, style, or even provide a review.<\/p>","link_label":"","link":""}}},"block_order":["column-1","column-2","column-3","column-4"],"settings":{"title":"","heading_size":"h1","image_width":"third","image_ratio":"adapt","columns_desktop":4,"column_alignment":"center","background_style":"none","button_label":"","button_link":"","color_scheme":"background-1","columns_mobile":"1","swipe_on_mobile":false,"padding_top":28,"padding_bottom":28}},"featured-blog":{"type":"featured-blog","settings":{"heading":"From the blog","heading_size":"h2","blog":"","post_limit":3,"columns_desktop":3,"color_scheme":"background-1","show_image":true,"show_date":true,"show_author":false,"show_view_all":false,"padding_top":24,"padding_bottom":88}},"newsletter":{"type":"newsletter","blocks":{"heading":{"type":"heading","settings":{"heading":"Subscribe to our emails","heading_size":"h1"}},"paragraph":{"type":"paragraph","settings":{"text":"<p>Subscribe to our mailing list for insider news, product launches, and more.<\/p>"}},"email_form":{"type":"email_form","settings":{}}},"block_order":["heading","paragraph","email_form"],"settings":{"color_scheme":"accent-1","full_width":true,"padding_top":64,"padding_bottom":52}}},"order":["rich_text","collage-0","collection-list","video","rich-text-1","multicolumn","collage","multicolumn-1","featured-blog","newsletter"]}